keyword,source,frequency,timestamp,sentiment
llm,google_trends,90,2026-06-08T13:27:00.251813+00:00,0.0
robotics,google_trends,50,2026-06-08T13:27:00.251813+00:00,0.0
ai agents,google_trends,33,2026-06-08T13:27:00.251813+00:00,0.0
computer vision,google_trends,12,2026-06-08T13:27:00.251813+00:00,0.0
llm,github_trending,3,2026-06-08T13:27:00.252463+00:00,0.3185
autonomous,rss_the_verge,1,2026-06-08T13:27:00.297164+00:00,0.8344
computer vision,github_trending,1,2026-06-08T13:27:00.252463+00:00,0.7351
llm,rss_hackernews,1,2026-06-08T13:27:00.284096+00:00,0.0
rag,rss_mit_tech_review,1,2026-06-08T13:27:00.303439+00:00,0.0
rag,rss_techcrunch,1,2026-06-08T13:27:00.276102+00:00,0.7346
robotics,rss_hackernews,1,2026-06-08T13:27:00.284096+00:00,0.0
